Bank,Region,Address,lon,lat,Type
HDFC Bank,Jogeshwari East,"HDFC Bank, Guru Govind Singh, Marg, Jogeshwari East Mumbai:400093, Maharashtra",72.862868,19.130207,ATM
HDFC Bank,Chembur East,"Hdfc Bank-Central Avenue Road Chembur, M D S, Marg, Chembur East Mumbai:400071, Maharashtra",72.900446,19.058424,ATM
HDFC Bank,Andheri East,"Hdfc Bank-Vijay Nagar Marol, Marol Maroshi, Road, Andheri East Mumbai:400059, Maharashtra",72.879828,19.122707,ATM
HDFC Bank,Kandivali East,"Hdfc Bank, 120 Feet, Road, Kandivali East Mumbai:400101, Maharashtra",72.872741,19.20614,ATM
HDFC Bank,Matunga East,"Hdfc Bank, 60 Feet, Road, Matunga East Mumbai:400017, Maharashtra",72.852031,19.039121,ATM
HDFC Bank,Ghatkopar East,"Hdfc Bank, 7th, Road, Ghatkopar East Mumbai:400077, Maharashtra",72.901404,19.077244,ATM
HDFC Bank,Kandivali East,"Hdfc Bank, 90 Feet, Road, Kandivali East Mumbai:400101, Maharashtra",72.866654,19.213917,ATM
HDFC Bank,Santacruz East,"Hdfc Bank, , , Santacruz East Mumbai:400055, Maharashtra",72.84892,19.08176,ATM
HDFC Bank,Kandivali East,"Hdfc Bank, , , Kandivali East Mumbai:400101, Maharashtra",72.87455,19.211979,ATM
HDFC Bank,Dahisar East,"Hdfc Bank, , , Dahisar East Mumbai:400068, Maharashtra",72.873488,19.246048,ATM
HDFC Bank,Malad West,"Hdfc Bank, , , Malad West Mumbai:400095, Maharashtra",72.820768,19.198626,ATM
HDFC Bank,Govandi West,"Hdfc Bank, , , Govandi West Mumbai:400043, Maharashtra",72.912054,19.063407,ATM
HDFC Bank,Dahisar West,"Hdfc Bank, , , Dahisar West Mumbai:400068, Maharashtra",72.851919,19.258,ATM
HDFC Bank,Bandra East,"Hdfc Bank, , , Bandra East Mumbai:400051, Maharashtra",72.861395,19.065109,ATM
HDFC Bank,Powai,"Hdfc Bank, , , Powai Mumbai:400072, Maharashtra",72.892715,19.12368,ATM
HDFC Bank,Andheri East,"Hdfc Bank, , , Andheri East Mumbai:400072, Maharashtra",72.8896,19.114929,ATM
HDFC Bank,Andheri East,"Hdfc Bank, , , Andheri East Mumbai:400093, Maharashtra",72.872525,19.124891,ATM
HDFC Bank,Bhandup West,"Hdfc Bank, , , Bhandup West Mumbai:400078, Maharashtra",72.940692,19.151512,ATM
HDFC Bank,Kurla East,"Hdfc Bank, , , Kurla East Mumbai:400024, Maharashtra",72.884429,19.063295,ATM
HDFC Bank,Juhu,"Hdfc Bank, , , Juhu Mumbai:400047, Maharashtra",72.827786,19.090884,ATM
HDFC Bank,Ghatkopar East,"Hdfc Bank, , , Ghatkopar East Mumbai:400077, Maharashtra",72.906225,19.082465,ATM
HDFC Bank,Kurla West,"Hdfc Bank, , , Kurla West Mumbai:400070, Maharashtra",72.886343,19.081218,ATM
HDFC Bank,Vikhroli East,"Hdfc Bank, , , Vikhroli East Mumbai:400083, Maharashtra",72.930483,19.114623,ATM
HDFC Bank,Chembur East,"Hdfc Bank, , , Chembur East Mumbai:400089, Maharashtra",72.895116,19.065889,ATM
HDFC Bank,Chembur East,"Hdfc Bank, , , Chembur East Mumbai:400071, Maharashtra",72.893444,19.054213,ATM
HDFC Bank,Dadar West,"Hdfc Bank, , , Dadar West Mumbai:400028, Maharashtra",72.840123,19.016948,ATM
HDFC Bank,Powai,"Hdfc Bank, , , Powai Mumbai:400076, Maharashtra",72.913117,19.112917,ATM
HDFC Bank,Dahisar West,"Hdfc Bank, , , Dahisar West Mumbai:400068, Maharashtra",72.850434,19.260029,ATM
HDFC Bank,Jogeshwari East,"Hdfc Bank, , , Jogeshwari East Mumbai:400060, Maharashtra",72.866813,19.139417,ATM
HDFC Bank,Andheri West,"Hdfc Bank, , , Andheri West Mumbai:400053, Maharashtra",72.825338,19.139587,ATM
HDFC Bank,Kandivali East,"Hdfc Bank, , , Kandivali East Mumbai:400101, Maharashtra",72.862167,19.210358,ATM
HDFC Bank,Church Gate,"Hdfc Bank, , , Church Gate Mumbai:400020, Maharashtra",72.826406,18.92973,ATM
HDFC Bank,Sandhurst Road,"Hdfc Bank, , , Sandhurst Road Mumbai:400009, Maharashtra",72.838992,18.96095,ATM
HDFC Bank,Malad West,"Hdfc Bank, , , Malad West Mumbai:400095, Maharashtra",72.816284,19.177428,ATM
HDFC Bank,Malad West,"Hdfc Bank, , , Malad West Mumbai:400095, Maharashtra",72.818776,19.199924,ATM
HDFC Bank,Kandivali East,"Hdfc Bank, , , Kandivali East Mumbai:400101, Maharashtra",72.871458,19.197097,ATM
HDFC Bank,Andheri East,"Hdfc Bank, , , Andheri East Mumbai:400093, Maharashtra",72.875632,19.125167,ATM
HDFC Bank,Chembur East,"Hdfc Bank, , , Chembur East Mumbai:400089, Maharashtra",72.896107,19.069522,ATM
HDFC Bank,Mulund West,"Hdfc Bank, , , Mulund West Mumbai:400082, Maharashtra",72.944464,19.187127,ATM
HDFC Bank,Vikhroli West,"Hdfc Bank, , , Vikhroli West Mumbai:400079, Maharashtra",72.920062,19.102319,ATM
HDFC Bank,Kandivali East,"Hdfc Bank, , , Kandivali East Mumbai:400101, Maharashtra",72.869136,19.209879,ATM
HDFC Bank,Andheri East,"Hdfc Bank, , , Andheri East Mumbai:400072, Maharashtra",72.892216,19.112738,ATM
HDFC Bank,Mulund East,"Hdfc Bank, , , Mulund East Mumbai:400081, Maharashtra",72.971708,19.177258,ATM
HDFC Bank,Goregaon East,"Hdfc Bank, , , Goregaon East Mumbai:400063, Maharashtra",72.85437,19.155631,ATM
HDFC Bank,Goregaon East,"Hdfc Bank, , , Goregaon East Mumbai:400065, Maharashtra",72.856648,19.143675,ATM
HDFC Bank,Powai,"Hdfc Bank, , , Powai Mumbai:400072, Maharashtra",72.893895,19.124117,ATM
HDFC Bank,Malad West,"Hdfc Bank, , , Malad West Mumbai:400064, Maharashtra",72.841861,19.175749,ATM
HDFC Bank,Kandivali West,"Hdfc Bank, , , Kandivali West Mumbai:400067, Maharashtra",72.839595,19.210273,ATM
HDFC Bank,Borivali East,"Hdfc Bank, , , Borivali East Mumbai:400066, Maharashtra",72.864937,19.234303,ATM
HDFC Bank,Elphinstone,"Hdfc Bank, , , Elphinstone Mumbai:400013, Maharashtra",72.835524,19.010485,ATM
HDFC Bank,Colaba,"Hdfc Bank, , , Colaba Mumbai:400005, Maharashtra",72.817929,18.916702,ATM
HDFC Bank,Borivali West,"Hdfc Bank, , , Borivali West Mumbai:400092, Maharashtra",72.851296,19.2306,ATM
HDFC Bank,Kandivali West,"Hdfc Bank, , , Kandivali West Mumbai:400067, Maharashtra",72.830645,19.210048,ATM
HDFC Bank,Borivali West,"Hdfc Bank, , , Borivali West Mumbai:400092, Maharashtra",72.841827,19.223521,ATM
HDFC Bank,Andheri East,"Hdfc Bank, , , Andheri East Mumbai:400072, Maharashtra",72.893305,19.100307,ATM
HDFC Bank,Dahisar East,"Hdfc Bank, , , Dahisar East Mumbai:400068, Maharashtra",72.867303,19.243471,ATM
HDFC Bank,Goregaon West,"Hdfc Bank, Aarya Samaj Mandir, Marg, Goregaon West Mumbai:400062, Maharashtra",72.848728,19.157477,ATM
HDFC Bank,Mulund West,"Hdfc Bank, Acc, Road, Mulund West Mumbai:400080, Maharashtra",72.958774,19.179685,ATM
HDFC Bank,Kandivali East,"Hdfc Bank, Akurli Main, Road, Kandivali East Mumbai:400101, Maharashtra",72.852589,19.202778,ATM
HDFC Bank,Kandivali East,"Hdfc Bank, Akurli, Road, Kandivali East Mumbai:400101, Maharashtra",72.872773,19.200565,ATM
HDFC Bank,Dahisar East,"Hdfc Bank, Anand Nagar, Marg, Dahisar East Mumbai:400068, Maharashtra",72.864353,19.254746,ATM
HDFC Bank,Ghatkopar West,"Hdfc Bank, Andheri Ghatkopar Link, Road, Ghatkopar West Mumbai:400086, Maharashtra",72.901987,19.091657,ATM
HDFC Bank,Ghatkopar West,"Hdfc Bank, Andheri Ghatkopar, Road, Ghatkopar West Mumbai:400086, Maharashtra",72.90255,19.089234,ATM
HDFC Bank,Andheri East,"Hdfc Bank, Andheri Kurla, Road, Andheri East Mumbai:400059, Maharashtra",72.883081,19.107301,ATM
HDFC Bank,Andheri East,"Hdfc Bank, Andheri Kurla, Road, Andheri East Mumbai:400059, Maharashtra",72.869768,19.111629,ATM
HDFC Bank,Andheri East,"Hdfc Bank, Andheri Kurla, Road, Andheri East Mumbai:400059, Maharashtra",72.868364,19.112017,ATM
HDFC Bank,Andheri East,"Hdfc Bank, Andheri Kurla, Road, Andheri East Mumbai:400069, Maharashtra",72.852041,19.118575,ATM
HDFC Bank,Antop Hill,"Hdfc Bank, Antop Hill, Marg, Antop Hill Mumbai:400037, Maharashtra",72.865926,19.022576,ATM
HDFC Bank,Kandivali East,"Hdfc Bank, Asha Nagar, Road, Kandivali East Mumbai:400101, Maharashtra",72.867022,19.209056,ATM
HDFC Bank,Wadala East,"Hdfc Bank, B L Salt Pan, Road, Wadala East Mumbai:400037, Maharashtra",72.868809,19.017836,ATM
HDFC Bank,Govandi East,"Hdfc Bank, B S Devashi, Marg, Govandi East Mumbai:400088, Maharashtra",72.914369,19.047683,ATM
HDFC Bank,Bandra East,"Hdfc Bank, Bandra Kurla Complex, Road, Bandra East Mumbai:400051, Maharashtra",72.868207,19.069655,ATM
HDFC Bank,Dahisar West,"Hdfc Bank, Bapu Bagwe, Road, Dahisar West Mumbai:400068, Maharashtra",72.85579,19.256703,ATM
HDFC Bank,Chembur East,"Hdfc Bank, Bhakti Bhavan, Marg, Chembur East Mumbai:400071, Maharashtra",72.891318,19.053759,ATM
HDFC Bank,Chembur East,"Hdfc Bank, Bhakti Park, Road, Chembur East Mumbai:400037, Maharashtra",72.880341,19.030736,ATM
HDFC Bank,Mulund West,"Hdfc Bank, Bhakti, Marg, Mulund West Mumbai:400080, Maharashtra",72.94945,19.182976,ATM
HDFC Bank,Chembur East,"Hdfc Bank, Bhakti, Road, Chembur East Mumbai:400071, Maharashtra",72.890478,19.052369,ATM
HDFC Bank,Santacruz East,"Hdfc Bank, CST, Road, Santacruz East Mumbai:400098, Maharashtra",72.862055,19.071219,ATM
HDFC Bank,Powai,"Hdfc Bank, Central, Avenue, Powai Mumbai:400076, Maharashtra",72.909884,19.11652,ATM
HDFC Bank,Andheri East,"Hdfc Bank, Central, Road, Andheri East Mumbai:400093, Maharashtra",72.872646,19.124986,ATM
HDFC Bank,Andheri East,"Hdfc Bank, Central, Road, Andheri East Mumbai:400093, Maharashtra",72.864337,19.117924,ATM
HDFC Bank,Kandivali East,"Hdfc Bank, Chakravarti Ashok Nagar Main, Road, Kandivali East Mumbai:400101, Maharashtra",72.856369,19.201979,ATM
HDFC Bank,Powai,"Hdfc Bank, Chandivali Farm, Road, Powai Mumbai:400072, Maharashtra",72.898761,19.114315,ATM
HDFC Bank,Bandra West,"Hdfc Bank, Chapel, Road, Bandra West Mumbai:400050, Maharashtra",72.826817,19.050493,ATM
HDFC Bank,Kandivali West,"Hdfc Bank, Charkop 90 Feet, Road, Kandivali West Mumbai:400067, Maharashtra",72.837605,19.215216,ATM
HDFC Bank,Kandivali West,"Hdfc Bank, Charkop Link, Road, Kandivali West Mumbai:400067, Maharashtra",72.828068,19.203484,ATM
HDFC Bank,Colaba,"Hdfc Bank, Chhatrapati Shivaji Maharaj, Marg, Colaba Mumbai:400001, Maharashtra",72.832479,18.92488,ATM
HDFC Bank,Chembur West,"Hdfc Bank, Chheda Nagar Road No 4, , Chembur West Mumbai:400089, Maharashtra",72.904886,19.06652,ATM
HDFC Bank,Malad West,"Hdfc Bank, Chunilal Giridharlal, Marg, Malad West Mumbai:400064, Maharashtra",72.84003,19.193281,ATM
HDFC Bank,Colaba,"Hdfc Bank, Colaba Causeway, Road, Colaba Mumbai:400005, Maharashtra",72.826738,18.916345,ATM
HDFC Bank,Parel,"Hdfc Bank, DR. Shirodkar, Marg, Parel Mumbai:400012, Maharashtra",72.839515,18.998605,ATM
HDFC Bank,Borivali East,"Hdfc Bank, Dattapada, Road, Borivali East Mumbai:400066, Maharashtra",72.858446,19.223893,ATM
HDFC Bank,Wadala West,"Hdfc Bank, David S Barretto, Road, Wadala West Mumbai:400031, Maharashtra",72.858635,19.01703,ATM
HDFC Bank,Ghatkopar East,"Hdfc Bank, Digambar Jain Mandir, Chowk, Ghatkopar East Mumbai:400077, Maharashtra",72.909081,19.082402,ATM
HDFC Bank,Parel,"Hdfc Bank, Dinshaw Petit, Lane, Parel Mumbai:400012, Maharashtra",72.838233,18.990605,ATM
HDFC Bank,Mazagaon,"Hdfc Bank, Dockyard, Road, Mazagaon Mumbai:400010, Maharashtra",72.840957,18.968587,ATM
HDFC Bank,Mazagaon,"Hdfc Bank, Dockyard, Road, Mazagaon Mumbai:400010, Maharashtra",72.844098,18.968105,ATM
HDFC Bank,Mumbai Central,"Hdfc Bank, Dr Anand Rao Nair, Road, Mumbai Central Mumbai:400008, Maharashtra",72.822937,18.973858,ATM
HDFC Bank,Worli,"Hdfc Bank, Dr Annie Besant, Road, Worli Mumbai:400018, Maharashtra",72.813619,18.988804,ATM
HDFC Bank,Andheri West,"Hdfc Bank, Dr Ashok Chopra, Road, Andheri West Mumbai:400061, Maharashtra",72.813719,19.138505,ATM
HDFC Bank,Grant Road,"Hdfc Bank, Dr Bhadkamkar, Marg, Grant Road Mumbai:400007, Maharashtra",72.819094,18.965655,ATM
HDFC Bank,Chembur East,"Hdfc Bank, Dr C G Gidwandi, Road, Chembur East Mumbai:400074, Maharashtra",72.904377,19.04573,ATM
HDFC Bank,Fort,"Hdfc Bank, Dr Dadabhai Naoroji, Road, Fort Mumbai:400001, Maharashtra",72.834603,18.941591,ATM
HDFC Bank,Worli,"Hdfc Bank, Dr R G Thadani, Marg, Worli Mumbai:400018, Maharashtra",72.813536,19.003222,ATM
HDFC Bank,Fort,"Hdfc Bank, Esplanade, Road, Fort Mumbai:400001, Maharashtra",72.831398,18.929016,ATM
HDFC Bank,Nariman Point,"Hdfc Bank, Free Press Journal, Marg, Nariman Point Mumbai:400021, Maharashtra",72.824296,18.923739,ATM
HDFC Bank,Malad West,"Hdfc Bank, G B, Marg, Malad West Mumbai:400064, Maharashtra",72.837373,19.195677,ATM
HDFC Bank,Goregaon East,"Hdfc Bank, Gen Arun Kumar Vaidya, Marg, Goregaon East Mumbai:400063, Maharashtra",72.862948,19.174873,ATM
HDFC Bank,Goregaon East,"Hdfc Bank, General Arunkumar Vaidya, Marg, Goregaon East Mumbai:400065, Maharashtra",72.87755,19.175281,ATM
HDFC Bank,Santacruz East,"Hdfc Bank, Golibar, Road, Santacruz East Mumbai:400055, Maharashtra",72.84307,19.080372,ATM
HDFC Bank,Ghatkopar West,"Hdfc Bank, Golibar, Road, Ghatkopar West Mumbai:400086, Maharashtra",72.910776,19.1014,ATM
HDFC Bank,Sion East,"Hdfc Bank, Gulamohar, Road, Sion East Mumbai:400022, Maharashtra",72.872527,19.052534,ATM
HDFC Bank,Juhu,"Hdfc Bank, Gulmohar, Road, Juhu Mumbai:400058, Maharashtra",72.834177,19.115736,ATM
HDFC Bank,Mulund West,"Hdfc Bank, Guru Gobind Singh, Marg, Mulund West Mumbai:400082, Maharashtra",72.934659,19.172339,ATM
HDFC Bank,Andheri East,"Hdfc Bank, Guru Gobind Singh, Marg, Andheri East Mumbai:400093, Maharashtra",72.865498,19.129573,ATM
HDFC Bank,Malad East,"Hdfc Bank, Haji Bapu, Road, Malad East Mumbai:400097, Maharashtra",72.850011,19.183546,ATM
HDFC Bank,Kandivali West,"Hdfc Bank, Hemu Kalani Cross Road No 3, , Kandivali West Mumbai:400067, Maharashtra",72.842141,19.201421,ATM
HDFC Bank,Bandra West,"Hdfc Bank, Hill, Road, Bandra West Mumbai:400050, Maharashtra",72.824207,19.052882,ATM
HDFC Bank,Bandra West,"Hdfc Bank, Hill, Road, Bandra West Mumbai:400050, Maharashtra",72.834554,19.056057,ATM
HDFC Bank,Ghatkopar West,"Hdfc Bank, Himalaya Society, Road, Ghatkopar West Mumbai:400084, Maharashtra",72.892336,19.093525,ATM
HDFC Bank,Borivali West,"Hdfc Bank, Holy Cross, Road, Borivali West Mumbai:400103, Maharashtra",72.849969,19.2473,ATM
HDFC Bank,Grant Road,"Hdfc Bank, Hughes, Road, Grant Road Mumbai:400007, Maharashtra",72.809816,18.959444,ATM
HDFC Bank,Ghatkopar West,"Hdfc Bank, Hutatma Gurunath Varde, Marg, Ghatkopar West Mumbai:400086, Maharashtra",72.894008,19.082079,ATM
HDFC Bank,Grant Road,"Hdfc Bank, Islampura Cross, Road, Grant Road Mumbai:400007, Maharashtra",72.828304,18.956791,ATM
HDFC Bank,Bhandup West,"Hdfc Bank, J M, Road, Bhandup West Mumbai:400078, Maharashtra",72.934256,19.150693,ATM
HDFC Bank,Andheri West,"Hdfc Bank, J P, Road, Andheri West Mumbai:400058, Maharashtra",72.838558,19.1265,ATM
HDFC Bank,Andheri West,"Hdfc Bank, J P, Road, Andheri West Mumbai:400061, Maharashtra",72.815379,19.129301,ATM
HDFC Bank,Andheri West,"Hdfc Bank, J P, Road, Andheri West Mumbai:400053, Maharashtra",72.828026,19.128888,ATM
HDFC Bank,Mumbai Central,"Hdfc Bank, Jahangir Boman Behram, Road, Mumbai Central Mumbai:400008, Maharashtra",72.828307,18.96722,ATM
HDFC Bank,Andheri West,"Hdfc Bank, Jai Prakash, Road, Andheri West Mumbai:400053, Maharashtra",72.822582,19.129902,ATM
HDFC Bank,Bhandup West,"Hdfc Bank, Jangal Mangal, Road, Bhandup West Mumbai:400078, Maharashtra",72.93397,19.150708,ATM
HDFC Bank,Kurla West,"Hdfc Bank, Jari Mari, Road, Kurla West Mumbai:400072, Maharashtra",72.882508,19.093149,ATM
HDFC Bank,Mulund West,"Hdfc Bank, Jata Shankar Doda, Marg, Mulund West Mumbai:400080, Maharashtra",72.95765,19.173732,ATM
HDFC Bank,Khar West,"Hdfc Bank, Kahr TPS 3 Road No 15, , Khar West Mumbai:400052, Maharashtra",72.831991,19.072327,ATM
HDFC Bank,Borivali West,"Hdfc Bank, Kai D D Borage Urf Dadu Master, Marg, Borivali West Mumbai:400092, Maharashtra",72.84609,19.235194,ATM
HDFC Bank,Vikhroli West,"Hdfc Bank, Kailash Complex, Road, Vikhroli West Mumbai:400079, Maharashtra",72.917062,19.104913,ATM
HDFC Bank,Santacruz East,"Hdfc Bank, Kalina Kurla Cross, Road, Santacruz East Mumbai:400098, Maharashtra",72.865086,19.077819,ATM
HDFC Bank,Lower Parel,"Hdfc Bank, Kamla Mill Compound, Road, Lower Parel Mumbai:400013, Maharashtra",72.829431,19.002108,ATM
HDFC Bank,Dadar West,"Hdfc Bank, Kashinath Dhuru, Marg, Dadar West Mumbai:400028, Maharashtra",72.830294,19.020483,ATM
HDFC Bank,Borivali East,"Hdfc Bank, Kasturba Main, Road, Borivali East Mumbai:400066, Maharashtra",72.861405,19.230059,ATM
HDFC Bank,Mahim,"Hdfc Bank, Khot, Galli, Mahim Mumbai:400016, Maharashtra",72.841435,19.029688,ATM
HDFC Bank,Borivali West,"Hdfc Bank, Kora Kendra, Road, Borivali West Mumbai:400092, Maharashtra",72.841147,19.21974,ATM
HDFC Bank,Ghatkopar West,"Hdfc Bank, Krantiveer Vasudev Balwant Phadke, Marg, Ghatkopar West Mumbai:400086, Maharashtra",72.907735,19.097752,ATM
HDFC Bank,Andheri East,"Hdfc Bank, Krishanlal Marwah, Marg, Andheri East Mumbai:400072, Maharashtra",72.887557,19.114139,ATM
HDFC Bank,Goregaon East,"Hdfc Bank, Krishna Vatika, Marg, Goregaon East Mumbai:400063, Maharashtra",72.867863,19.174713,ATM
HDFC Bank,Dahisar West,"Hdfc Bank, L M, Road, Dahisar West Mumbai:400068, Maharashtra",72.853848,19.25141,ATM
HDFC Bank,Dahisar West,"Hdfc Bank, L T, Road, Dahisar West Mumbai:400068, Maharashtra",72.858121,19.254307,ATM
HDFC Bank,Malabar Hill,"Hdfc Bank, L. D. Ruparel, Road, Malabar Hill Mumbai:400006, Maharashtra",72.80228,18.953834,ATM
HDFC Bank,Vikhroli West,"Hdfc Bank, LBS, Marg, Vikhroli West Mumbai:400079, Maharashtra",72.925248,19.10995,ATM
HDFC Bank,Vikhroli West,"Hdfc Bank, LBS, Marg, Vikhroli West Mumbai:400079, Maharashtra",72.922694,19.105979,ATM
HDFC Bank,Ghatkopar West,"Hdfc Bank, LBS, Marg, Ghatkopar West Mumbai:400086, Maharashtra",72.895063,19.086033,ATM
HDFC Bank,Mahim,"Hdfc Bank, Lady Jamshedji, Marg, Mahim Mumbai:400016, Maharashtra",72.842267,19.036406,ATM
HDFC Bank,Kurla West,"Hdfc Bank, Lal Bahadur Shastri, Marg, Kurla West Mumbai:400070, Maharashtra",72.874264,19.064054,ATM
HDFC Bank,Bhandup West,"Hdfc Bank, Lal Bahadur Shastri, Marg, Bhandup West Mumbai:400078, Maharashtra",72.93747,19.157292,ATM
HDFC Bank,Kurla West,"Hdfc Bank, Lal Bahadur Shastri, Marg, Kurla West Mumbai:400070, Maharashtra",72.888251,19.084802,ATM
HDFC Bank,Kurla West,"Hdfc Bank, Lal Bahadur Shastri, Marg, Kurla West Mumbai:400070, Maharashtra",72.878733,19.077526,ATM
HDFC Bank,Kurla West,"Hdfc Bank, Lal Bahadur Shastri, Marg, Kurla West Mumbai:400070, Maharashtra",72.875482,19.070346,ATM
HDFC Bank,Ghatkopar West,"Hdfc Bank, Lal Bahadur Shastri, Marg, Ghatkopar West Mumbai:400086, Maharashtra",72.913042,19.093791,ATM
HDFC Bank,Kanjurmarg West,"Hdfc Bank, Lal Bahadur Shastri, Marg, Kanjurmarg West Mumbai:400078, Maharashtra",72.925718,19.128986,ATM
HDFC Bank,Mulund West,"Hdfc Bank, Lal Bahadur Shastri, Marg, Mulund West Mumbai:400080, Maharashtra",72.939414,19.16847,ATM
HDFC Bank,Ville Parle West,"Hdfc Bank, Lala Lajpatrai, Road, Ville Parle West Mumbai:400047, Maharashtra",72.840193,19.100002,ATM
HDFC Bank,Girgaon,"Hdfc Bank, Lalit Kaladarsha, Chowk, Girgaon Mumbai:400004, Maharashtra",72.816373,18.954097,ATM
HDFC Bank,Dahisar East,"Hdfc Bank, Late Vishwanath Vasant Pednekar, Marg, Dahisar East Mumbai:400068, Maharashtra",72.872249,19.255992,ATM
HDFC Bank,Malad East,"Hdfc Bank, Laxmandas Raheja, Marg, Malad East Mumbai:400097, Maharashtra",72.855532,19.178133,ATM
HDFC Bank,Malad West,"Hdfc Bank, Liberty Garden, Road, Malad West Mumbai:400064, Maharashtra",72.841908,19.186871,ATM
HDFC Bank,Vikhroli East,"Hdfc Bank, Lieutenant Atmaram Survey, Marg, Vikhroli East Mumbai:400083, Maharashtra",72.936865,19.116821,ATM
HDFC Bank,Borivali West,"Hdfc Bank, Link, Road, Borivali West Mumbai:400092, Maharashtra",72.841039,19.228825,ATM
HDFC Bank,Malad West,"Hdfc Bank, Link, Road, Malad West Mumbai:400064, Maharashtra",72.834584,19.192257,ATM
HDFC Bank,Jogeshwari West,"Hdfc Bank, Link, Road, Jogeshwari West Mumbai:400102, Maharashtra",72.835881,19.150843,ATM
HDFC Bank,Goregaon West,"Hdfc Bank, Link, Road, Goregaon West Mumbai:400104, Maharashtra",72.834897,19.163123,ATM
HDFC Bank,Malad West,"Hdfc Bank, Link, Road, Malad West Mumbai:400064, Maharashtra",72.835926,19.183719,ATM
HDFC Bank,Santacruz West,"Hdfc Bank, Linking, Road, Santacruz West Mumbai:400054, Maharashtra",72.834545,19.081618,ATM
HDFC Bank,CST,"Hdfc Bank, Lokmanya Tilak, Marg, CST Mumbai:400001, Maharashtra",72.831203,18.945515,ATM
HDFC Bank,Dadar East,"Hdfc Bank, Lokmanya Tilak, Road, Dadar East Mumbai:400014, Maharashtra",72.848134,19.017554,ATM
HDFC Bank,Mulund East,"Hdfc Bank, Lokmanya Tilak, Road, Mulund East Mumbai:400081, Maharashtra",72.95664,19.171356,ATM
HDFC Bank,Bhandup East,"Hdfc Bank, M D Keni, Marg, Bhandup East Mumbai:400042, Maharashtra",72.946227,19.152551,ATM
HDFC Bank,Chembur East,"Hdfc Bank, M D S, Marg, Chembur East Mumbai:400071, Maharashtra",72.900446,19.058424,ATM
HDFC Bank,Kandivali West,"Hdfc Bank, M G, Road, Kandivali West Mumbai:400067, Maharashtra",72.840212,19.204577,ATM
HDFC Bank,Vikhroli West,"Hdfc Bank, M Gandhi, Road, Vikhroli West Mumbai:400083, Maharashtra",72.925093,19.125017,ATM
HDFC Bank,Jogeshwari East,"Hdfc Bank, Mahakali Caves, Road, Jogeshwari East Mumbai:400060, Maharashtra",72.868219,19.129884,ATM
HDFC Bank,Andheri East,"Hdfc Bank, Mahakali Caves, Road, Andheri East Mumbai:400093, Maharashtra",72.862903,19.117329,ATM
HDFC Bank,Kurla West,"Hdfc Bank, Maharaja Agrasen, Marg, Kurla West Mumbai:400070, Maharashtra",72.879096,19.069945,ATM
HDFC Bank,Kurla West,"Hdfc Bank, Maharaja Agrasen, Marg, Kurla West Mumbai:400070, Maharashtra",72.879777,19.071603,ATM
HDFC Bank,Girgaon,"Hdfc Bank, Maharshi Karve, Marg, Girgaon Mumbai:400004, Maharashtra",72.819069,18.95163,ATM
HDFC Bank,Borivali East,"Hdfc Bank, Mahatma Gandhi, Marg, Borivali East Mumbai:400066, Maharashtra",72.857938,19.231289,ATM
HDFC Bank,Ghatkopar West,"Hdfc Bank, Mahatma Gandhi, Road, Ghatkopar West Mumbai:400086, Maharashtra",72.905228,19.084678,ATM
HDFC Bank,Mulund East,"Hdfc Bank, Mahatma Phule, Road, Mulund East Mumbai:400081, Maharashtra",72.958436,19.172059,ATM
HDFC Bank,Borivali West,"Hdfc Bank, Mandpekhad Clinic Federation Udyan, Marg, Borivali West Mumbai:400092, Maharashtra",72.853616,19.237334,ATM
HDFC Bank,Bandra West,"Hdfc Bank, Manuel Gonsalves, Marg, Bandra West Mumbai:400050, Maharashtra",72.82954,19.060646,ATM
HDFC Bank,Malad East,"Hdfc Bank, Maqbool Hayat Pathan, Road, Malad East Mumbai:400097, Maharashtra",72.859499,19.180009,ATM
HDFC Bank,Church Gate,"Hdfc Bank, Marine Drive, Road, Church Gate Mumbai:400020, Maharashtra",72.823733,18.933502,ATM
HDFC Bank,Andheri East,"Hdfc Bank, Marol Maroshi, Road, Andheri East Mumbai:400059, Maharashtra",72.879828,19.122707,ATM
HDFC Bank,Andheri East,"Hdfc Bank, Marol Maroshi, Road, Andheri East Mumbai:400059, Maharashtra",72.880228,19.119936,ATM
HDFC Bank,Goregaon East,"Hdfc Bank, Masurashram, Marg, Goregaon East Mumbai:400063, Maharashtra",72.850548,19.172076,ATM
HDFC Bank,Jogeshwari West,"Hdfc Bank, Maulana Asad Madni, Road, Jogeshwari West Mumbai:400102, Maharashtra",72.848577,19.136619,ATM
HDFC Bank,Grant Road,"Hdfc Bank, Maulana Shaukat Ali, Road, Grant Road Mumbai:400007, Maharashtra",72.817842,18.961862,ATM
HDFC Bank,Andheri East,"Hdfc Bank, Military, Road, Andheri East Mumbai:400059, Maharashtra",72.885013,19.117884,ATM
HDFC Bank,Mankhurd West,"Hdfc Bank, Mohite Patil, Road, Mankhurd West Mumbai:400043, Maharashtra",72.935082,19.052874,ATM
HDFC Bank,Mahim,"Hdfc Bank, Mori, Road, Mahim Mumbai:400016, Maharashtra",72.842546,19.043305,ATM
HDFC Bank,GTB Nagar,"Hdfc Bank, Mukundrao Ambedkar, Road, GTB Nagar Mumbai:400037, Maharashtra",72.866444,19.033832,ATM
HDFC Bank,Sion East,"Hdfc Bank, Mukundrao Ambedkar, Road, Sion East Mumbai:400022, Maharashtra",72.865867,19.037503,ATM
HDFC Bank,Dadar East,"Hdfc Bank, Mumbai Marathi Granth Sangrahalaya, Marg, Dadar East Mumbai:400014, Maharashtra",72.843533,19.01628,ATM
HDFC Bank,Fort,"Hdfc Bank, Murzaban, Road, Fort Mumbai:400001, Maharashtra",72.833478,18.938335,ATM
HDFC Bank,Byculla,"Hdfc Bank, N M Joshi, Marg, Byculla Mumbai:400027, Maharashtra",72.832016,18.97934,ATM
HDFC Bank,Dadar West,"Hdfc Bank, N M Joshi, Marg, Dadar West Mumbai:400025, Maharashtra",72.832136,19.011425,ATM
HDFC Bank,Mulund West,"Hdfc Bank, Nahur, Road, Mulund West Mumbai:400080, Maharashtra",72.948756,19.16554,ATM
HDFC Bank,Dadar West,"Hdfc Bank, Namdar Gopal Krishna Gokhale, Marg, Dadar West Mumbai:400028, Maharashtra",72.838777,19.022912,ATM
HDFC Bank,Mulund East,"Hdfc Bank, Navghar, Marg, Mulund East Mumbai:400081, Maharashtra",72.961101,19.168103,ATM
HDFC Bank,Vile Parle East,"Hdfc Bank, Nehru, Road, Vile Parle East Mumbai:400057, Maharashtra",72.84524,19.098433,ATM
HDFC Bank,Vile Parle East,"Hdfc Bank, Nehru, Road, Vile Parle East Mumbai:400057, Maharashtra",72.849323,19.0976,ATM
HDFC Bank,Kandivali West,"Hdfc Bank, Netaji Subhash Chandra Bose, Road, Kandivali West Mumbai:400067, Maharashtra",72.825876,19.215503,ATM
HDFC Bank,Mulund West,"Hdfc Bank, Netaji Subhash Chandra Bose, Road, Mulund West Mumbai:400080, Maharashtra",72.955052,19.174817,ATM
HDFC Bank,Dadar West,"Hdfc Bank, New Prabhadevi, Marg, Dadar West Mumbai:400025, Maharashtra",72.82806,19.013138,ATM
HDFC Bank,Andheri West,"Hdfc Bank, New Versova Link, Road, Andheri West Mumbai:400053, Maharashtra",72.825775,19.121525,ATM
HDFC Bank,Mulund East,"Hdfc Bank, P Gujjar, Road, Mulund East Mumbai:400081, Maharashtra",72.963508,19.17521,ATM
HDFC Bank,Masjid Bunder,"Hdfc Bank, Paltan, Road, Masjid Bunder Mumbai:400003, Maharashtra",72.833973,18.952568,ATM
HDFC Bank,Mumbai Central,"Hdfc Bank, Pandit Madan Mohan Malviya, Marg, Mumbai Central Mumbai:400034, Maharashtra",72.815041,18.970762,ATM
HDFC Bank,Worli,"Hdfc Bank, Pandurang Budhkar, Marg, Worli Mumbai:400018, Maharashtra",72.820654,19.006281,ATM
HDFC Bank,GTB Nagar,"Hdfc Bank, Parasram Thapar, Chowk, GTB Nagar Mumbai:400037, Maharashtra",72.863565,19.034061,ATM
HDFC Bank,Ghatkopar West,"Hdfc Bank, Pipe Line, Road, Ghatkopar West Mumbai:400086, Maharashtra",72.901939,19.091531,ATM
HDFC Bank,Vikhroli East,"Hdfc Bank, Pirojshanagar, Road, Vikhroli East Mumbai:400079, Maharashtra",72.928665,19.10982,ATM
HDFC Bank,Vile Parle East,"Hdfc Bank, Prarthana Samaj, Road, Vile Parle East Mumbai:400057, Maharashtra",72.850525,19.102304,ATM
HDFC Bank,Sion East,"Hdfc Bank, Pratiksha Nagar, Road, Sion East Mumbai:400022, Maharashtra",72.867744,19.039901,ATM
HDFC Bank,Andheri East,"Hdfc Bank, Puranmal Bansal, Marg, Andheri East Mumbai:400059, Maharashtra",72.867209,19.107289,ATM
HDFC Bank,Andheri West,"Hdfc Bank, Purshottam Tondan, Road, Andheri West Mumbai:400053, Maharashtra",72.823365,19.145324,ATM
HDFC Bank,Mulund West,"Hdfc Bank, Purushottam Kheraj, Road, Mulund West Mumbai:400080, Maharashtra",72.948991,19.17581,ATM
HDFC Bank,Andheri West,"Hdfc Bank, Purushottam das Tandon, Marg, Andheri West Mumbai:400053, Maharashtra",72.823681,19.14665,ATM
HDFC Bank,Ghatkopar West,"Hdfc Bank, R B Kadam, Marg, Ghatkopar West Mumbai:400084, Maharashtra",72.900237,19.094647,ATM
HDFC Bank,Chembur East,"Hdfc Bank, R C, Marg, Chembur East Mumbai:400074, Maharashtra",72.893544,19.043039,ATM
HDFC Bank,Chembur East,"Hdfc Bank, R C, Marg, Chembur East Mumbai:400074, Maharashtra",72.896709,19.031225,ATM
HDFC Bank,Mulund East,"Hdfc Bank, R R Education Trust, Marg, Mulund East Mumbai:400081, Maharashtra",72.965423,19.16605,ATM
HDFC Bank,Kandivali West,"Hdfc Bank, R. S. C No. 25, Road, Kandivali West Mumbai:400067, Maharashtra",72.818055,19.215447,ATM
HDFC Bank,Chembur East,"Hdfc Bank, Raj Marg, Highway, Chembur East Mumbai:400089, Maharashtra",72.898861,19.06804,ATM
HDFC Bank,Malad West,"Hdfc Bank, Rajastani Seva Samiti, Marg, Malad West Mumbai:400064, Maharashtra",72.833315,19.192613,ATM
HDFC Bank,Mulund West,"Hdfc Bank, Ram Ratan Trivedi, Marg, Mulund West Mumbai:400080, Maharashtra",72.953571,19.173407,ATM
HDFC Bank,Borivali West,"Hdfc Bank, Ramdas Sutrale, Marg, Borivali West Mumbai:400092, Maharashtra",72.853426,19.231276,ATM
HDFC Bank,Sion East,"Hdfc Bank, Road No 8, , Sion East Mumbai:400022, Maharashtra",72.864392,19.04191,ATM
HDFC Bank,Fort,"Hdfc Bank, Rustom Sidhwa, Marg, Fort Mumbai:400001, Maharashtra",72.835541,18.934459,ATM
HDFC Bank,Kurla East,"Hdfc Bank, S G Barve, Marg, Kurla East Mumbai:400024, Maharashtra",72.882807,19.06287,ATM
HDFC Bank,Bandra West,"Hdfc Bank, S M T Nargis Dutt, Road, Bandra West Mumbai:400050, Maharashtra",72.828388,19.066004,ATM
HDFC Bank,Antop Hill,"Hdfc Bank, S M, Road, Antop Hill Mumbai:400037, Maharashtra",72.867127,19.030505,ATM
HDFC Bank,Jogeshwari West,"Hdfc Bank, S V, Road, Jogeshwari West Mumbai:400102, Maharashtra",72.843097,19.142758,ATM
HDFC Bank,Malad West,"Hdfc Bank, S V, Road, Malad West Mumbai:400064, Maharashtra",72.845364,19.175695,ATM
HDFC Bank,Khar West,"Hdfc Bank, S V, Road, Khar West Mumbai:400052, Maharashtra",72.837366,19.070876,ATM
HDFC Bank,Khar West,"Hdfc Bank, S V, Road, Khar West Mumbai:400052, Maharashtra",72.837437,19.072702,ATM
HDFC Bank,Santacruz West,"Hdfc Bank, S V, Road, Santacruz West Mumbai:400054, Maharashtra",72.838054,19.086234,ATM
HDFC Bank,Dahisar East,"Hdfc Bank, S V, Road, Dahisar East Mumbai:400068, Maharashtra",72.862585,19.248445,ATM
HDFC Bank,Andheri West,"Hdfc Bank, S V, Road, Andheri West Mumbai:400058, Maharashtra",72.842637,19.114473,ATM
HDFC Bank,Vile Parle East,"Hdfc Bank, Sahar, Road, Vile Parle East Mumbai:400057, Maharashtra",72.852905,19.109356,ATM
HDFC Bank,Borivali West,"Hdfc Bank, Sai Baba Nagar, Road, Borivali West Mumbai:400092, Maharashtra",72.84797,19.215561,ATM
HDFC Bank,Ghatkopar West,"Hdfc Bank, Saki Naka Link, Road, Ghatkopar West Mumbai:400084, Maharashtra",72.897437,19.094977,ATM
HDFC Bank,Andheri East,"Hdfc Bank, Saki Vihar, Road, Andheri East Mumbai:400072, Maharashtra",72.891291,19.122016,ATM
HDFC Bank,Andheri East,"Hdfc Bank, Saki Vihar, Road, Andheri East Mumbai:400072, Maharashtra",72.887023,19.104795,ATM
HDFC Bank,Ghatkopar East,"Hdfc Bank, Sant Dnyaneshwar, Marg, Ghatkopar East Mumbai:400075, Maharashtra",72.913807,19.086907,ATM
HDFC Bank,Bandra East,"Hdfc Bank, Sant Dnyaneshwar, Road, Bandra East Mumbai:400051, Maharashtra",72.850745,19.06064,ATM
HDFC Bank,Byculla,"Hdfc Bank, Sant Savta, Marg, Byculla Mumbai:400010, Maharashtra",72.839902,18.976218,ATM
HDFC Bank,Bhandup West,"Hdfc Bank, Sant Shiromani Namdev Maharaj, Marg, Bhandup West Mumbai:400078, Maharashtra",72.937652,19.144406,ATM
HDFC Bank,Mulund West,"Hdfc Bank, Sant Shree Valdasji Maharaj, Chowk, Mulund West Mumbai:400080, Maharashtra",72.949174,19.183244,ATM
HDFC Bank,Kandivali East,"Hdfc Bank, Saraf Choudhary Nagar, Road, Kandivali East Mumbai:400101, Maharashtra",72.864844,19.207264,ATM
HDFC Bank,Charni Road,"Hdfc Bank, Sardar Vallabhbhai Patel, Road, Charni Road Mumbai:400004, Maharashtra",72.819678,18.95791,ATM
HDFC Bank,Borivali West,"Hdfc Bank, Sardar Vallabhbhai Patel, Road, Borivali West Mumbai:400092, Maharashtra",72.855504,19.232926,ATM
HDFC Bank,Grant Road,"Hdfc Bank, Sardar Vallabhbhai Patel, Road, Grant Road Mumbai:400007, Maharashtra",72.814037,18.956194,ATM
HDFC Bank,Dadar West,"Hdfc Bank, Sayani, Road, Dadar West Mumbai:400025, Maharashtra",72.830116,19.014839,ATM
HDFC Bank,Lower Parel,"Hdfc Bank, Senapati Bapat, Marg, Lower Parel Mumbai:400013, Maharashtra",72.824933,18.993393,ATM
HDFC Bank,Mahim,"Hdfc Bank, Senapati Bapat, Marg, Mahim Mumbai:400016, Maharashtra",72.846888,19.03918,ATM
HDFC Bank,Lower Parel,"Hdfc Bank, Senapati Bapat, Marg, Lower Parel Mumbai:400013, Maharashtra",72.825145,18.993763,ATM
HDFC Bank,Dadar West,"Hdfc Bank, Senapati Bapat, Marg, Dadar West Mumbai:400028, Maharashtra",72.845353,19.02478,ATM
HDFC Bank,Mahim,"Hdfc Bank, Senapati Bapat, Marg, Mahim Mumbai:400016, Maharashtra",72.84628,19.041165,ATM
HDFC Bank,Dahisar East,"Hdfc Bank, Service, Road, Dahisar East Mumbai:400068, Maharashtra",72.87202,19.258335,ATM
HDFC Bank,Mulund West,"Hdfc Bank, Setu Madhavrao Pagdi, Chowk, Mulund West Mumbai:400080, Maharashtra",72.94941,19.175782,ATM
HDFC Bank,Fort,"Hdfc Bank, Shaheed Bhagat Singh, Marg, Fort Mumbai:400001, Maharashtra",72.837872,18.93761,ATM
HDFC Bank,Andheri East,"Hdfc Bank, Shree Guru Hargobindji, Marg, Andheri East Mumbai:400059, Maharashtra",72.86534,19.111603,ATM
HDFC Bank,Mahim,"Hdfc Bank, Shree Rahul Maharaj, Chowk, Mahim Mumbai:400016, Maharashtra",72.839256,19.033582,ATM
HDFC Bank,Kandivali West,"Hdfc Bank, Shri Samarth Sadguru Kadsiddheshwar, Marg, Kandivali West Mumbai:400067, Maharashtra",72.821509,19.21552,ATM
HDFC Bank,Govandi East,"Hdfc Bank, Shri Shankeshwar Parshwanath, Marg, Govandi East Mumbai:400088, Maharashtra",72.915503,19.053048,ATM
HDFC Bank,Church Gate,"Hdfc Bank, Sir Vitthaldas Thackersey, Marg, Church Gate Mumbai:400020, Maharashtra",72.828294,18.939508,ATM
HDFC Bank,Borivali West,"Hdfc Bank, Soni Vadi, Chowk, Borivali West Mumbai:400092, Maharashtra",72.853648,19.223119,ATM
HDFC Bank,Kandivali West,"Hdfc Bank, Station, Road, Kandivali West Mumbai:400067, Maharashtra",72.851318,19.204758,ATM
HDFC Bank,Jogeshwari East,"Hdfc Bank, Station, Road, Jogeshwari East Mumbai:400060, Maharashtra",72.852702,19.136442,ATM
HDFC Bank,Goregaon East,"Hdfc Bank, Station, Road, Goregaon East Mumbai:400063, Maharashtra",72.850466,19.165293,ATM
HDFC Bank,Goregaon West,"Hdfc Bank, Station, Road, Goregaon West Mumbai:400062, Maharashtra",72.846817,19.164976,ATM
HDFC Bank,Santacruz East,"Hdfc Bank, Station, Road, Santacruz East Mumbai:400055, Maharashtra",72.847303,19.080741,ATM
HDFC Bank,Malad East,"Hdfc Bank, Subhash, Road, Malad East Mumbai:400097, Maharashtra",72.852631,19.187824,ATM
HDFC Bank,Sion East,"Hdfc Bank, Sulochana Shetty, Marg, Sion East Mumbai:400022, Maharashtra",72.859387,19.035218,ATM
HDFC Bank,Masjid Bunder,"Hdfc Bank, Sutar Chawl, Street, Masjid Bunder Mumbai:400003, Maharashtra",72.832114,18.949569,ATM
HDFC Bank,Dadar East,"Hdfc Bank, Swami Gyan Jeevandas, Marg, Dadar East Mumbai:400014, Maharashtra",72.845091,19.017099,ATM
HDFC Bank,Kandivali West,"Hdfc Bank, Swami Vivekanand, Road, Kandivali West Mumbai:400067, Maharashtra",72.848257,19.198985,ATM
HDFC Bank,Goregaon West,"Hdfc Bank, Swami Vivekanand, Road, Goregaon West Mumbai:400062, Maharashtra",72.845774,19.166844,ATM
HDFC Bank,Goregaon West,"Hdfc Bank, Swami Vivekanand, Road, Goregaon West Mumbai:400062, Maharashtra",72.845981,19.15584,ATM
HDFC Bank,Dadar West,"Hdfc Bank, Swatantrya Veer Savarkar, Marg, Dadar West Mumbai:400028, Maharashtra",72.830324,19.017611,ATM
HDFC Bank,Matunga East,"Hdfc Bank, Telang, Road, Matunga East Mumbai:400019, Maharashtra",72.852827,19.027397,ATM
HDFC Bank,Matunga West,"Hdfc Bank, Tulsi Pipeline, Road, Matunga West Mumbai:400016, Maharashtra",72.847053,19.030127,ATM
HDFC Bank,Bandra West,"Hdfc Bank, Turner, Road, Bandra West Mumbai:400050, Maharashtra",72.829577,19.058687,ATM
HDFC Bank,Bandra West,"Hdfc Bank, Turner, Road, Bandra West Mumbai:400050, Maharashtra",72.839835,19.055433,ATM
HDFC Bank,Andheri West,"Hdfc Bank, V D, Road, Andheri West Mumbai:400058, Maharashtra",72.83771,19.130437,ATM
HDFC Bank,Juhu,"Hdfc Bank, V M, Road, Juhu Mumbai:400047, Maharashtra",72.835392,19.102802,ATM
HDFC Bank,Sion East,"Hdfc Bank, V N Purav, Marg, Sion East Mumbai:400022, Maharashtra",72.877048,19.053429,ATM
HDFC Bank,Ghatkopar East,"Hdfc Bank, Vallabh Baug, Lane, Ghatkopar East Mumbai:400077, Maharashtra",72.90648,19.079809,ATM
HDFC Bank,Borivali West,"Hdfc Bank, Vallabh Nagar, Road, Borivali West Mumbai:400103, Maharashtra",72.851437,19.24412,ATM
HDFC Bank,Mulund West,"Hdfc Bank, Veena Nagar, Road, Mulund West Mumbai:400082, Maharashtra",72.945319,19.182269,ATM
HDFC Bank,Bhandup East,"Hdfc Bank, Veer Savarkar, Road, Bhandup East Mumbai:400042, Maharashtra",72.935333,19.138022,ATM
HDFC Bank,Mulund East,"Hdfc Bank, Veer Savarkar, Road, Mulund East Mumbai:400081, Maharashtra",72.963183,19.165385,ATM
HDFC Bank,Andheri West,"Hdfc Bank, Veera Desai, Road, Andheri West Mumbai:400053, Maharashtra",72.832947,19.135169,ATM
HDFC Bank,Nariman Point,"Hdfc Bank, Vidhan Bhavan, Marg, Nariman Point Mumbai:400021, Maharashtra",72.822612,18.928384,ATM
HDFC Bank,Vikhroli West,"Hdfc Bank, Vikhroli Station, Road, Vikhroli West Mumbai:400083, Maharashtra",72.92741,19.111195,ATM
HDFC Bank,Kalbadevi,"Hdfc Bank, Vitthal Wadi, Lane, Kalbadevi Mumbai:400002, Maharashtra",72.829904,18.950157,ATM
HDFC Bank,Bandra West,"Hdfc Bank, Vitthalbhai Patel, Road, Bandra West Mumbai:400050, Maharashtra",72.835894,19.061576,ATM
HDFC Bank,Fort,"Hdfc Bank, Walchand Hirachand, Marg, Fort Mumbai:400001, Maharashtra",72.840447,18.936915,ATM
HDFC Bank,Mahalakshmi,"Hdfc Bank, Warden, Road, Mahalakshmi Mumbai:400026, Maharashtra",72.80825,18.97632,ATM
HDFC Bank,Colaba,"Hdfc Bank, Wodehouse, Road, Colaba Mumbai:400005, Maharashtra",72.824259,18.915447,ATM
HDFC Bank,Dadar West,"Hdfc Bank, Yadav Patel LN, , Dadar West Mumbai:400028, Maharashtra",72.829808,19.019282,ATM
HDFC Bank,Andheri West,"Hdfc Bank, Yari, Road, Andheri West Mumbai:400061, Maharashtra",72.808999,19.140401,ATM
HDFC Bank,Borivali West,"Hdfc Bank, Yogi Nagar Eksar, Road, Borivali West Mumbai:400092, Maharashtra",72.842177,19.235138,ATM
HDFC Bank,Worli,"HDFC Bank Aditya Birla Centre Worli E. C, Sir Pochkhanwala, Road, Worli Mumbai:400030, Maharashtra",72.814282,19.002774,Bank
HDFC Bank,Andheri East,"HDFC Bank Ahura Centre Andheri East, Mahakali Caves, Road, Andheri East Mumbai:400093, Maharashtra",72.862689,19.116944,Bank
HDFC Bank,Andheri East,"HDFC Bank Andheri E Branch Mumbai, , , Andheri East Mumbai:400059, Maharashtra",72.868662,19.112431,Bank
HDFC Bank,Fort,"HDFC Bank Ballard Estate Reliance, Shaheed Bhagat Singh, Marg, Fort Mumbai:400001, Maharashtra",72.837872,18.93761,Bank
HDFC Bank,Bhandup West,"HDFC Bank Bhandup West, LBS, Marg, Bhandup West Mumbai:400078, Maharashtra",72.937451,19.156648,Bank
HDFC Bank,Mahalakshmi,"HDFC Bank Bhulabhai Desai Road Tirupati Apts, Bhulabhai Desai, Road, Mahalakshmi Mumbai:400026, Maharashtra",72.807243,18.97596,Bank
HDFC Bank,Mahim,"HDFC Bank Bombay Scotish Orphanage Society Mahim, LT. Prakash N Kotnees, Road, Mahim Mumbai:400016, Maharashtra",72.83929,19.033472,Bank
HDFC Bank,Kandivali West,"HDFC Bank Charkop Kandivili W, Shri Samarth Sadguru Kadsiddheshwar, Marg, Kandivali West Mumbai:400067, Maharashtra",72.825758,19.215346,Bank
HDFC Bank,Chembur East,"HDFC Bank Chembur East Mumbai, , , Chembur East Mumbai:400089, Maharashtra",72.899286,19.067904,Bank
HDFC Bank,Chembur East,"HDFC Bank Chembur Mumbai, Saidham, Marg, Chembur East Mumbai:400074, Maharashtra",72.904571,19.045662,Bank
HDFC Bank,Chembur East,"HDFC Bank Chembur Sion Trombay RD., K N Gaikawad, Marg, Chembur East Mumbai:400071, Maharashtra",72.893328,19.055305,Bank
HDFC Bank,Borivali West,"HDFC Bank Chikoo Wadi, Hutatma Ravindra Sawant, Chowk, Borivali West Mumbai:400092, Maharashtra",72.853512,19.22322,Bank
HDFC Bank,Grant Road,"HDFC Bank Chowpatty Opera House, , , Grant Road Mumbai:400007, Maharashtra",72.813738,18.956004,Bank
HDFC Bank,Church Gate,"HDFC Bank Churchgate Reclamation Mumbai, , , Church Gate Mumbai:400020, Maharashtra",72.826325,18.92966,Bank
HDFC Bank,CST,"HDFC Bank Crawford MKT. BR. Mumbai, L T, Road, CST Mumbai:400001, Maharashtra",72.831133,18.945453,Bank
HDFC Bank,Dadar East,"HDFC Bank Dadar Mumbai, Lokmanya Tilak, Road, Dadar East Mumbai:400014, Maharashtra",72.848259,19.017477,Bank
HDFC Bank,Dahisar East,"HDFC Bank Dahisar E Mumbai, Anand Nagar, Marg, Dahisar East Mumbai:400068, Maharashtra",72.864457,19.25476,Bank
HDFC Bank,Ghatkopar East,"HDFC Bank Ghatkopar E Mumbai Branch, Vallabh Baug, Lane, Ghatkopar East Mumbai:400077, Maharashtra",72.906469,19.079813,Bank
HDFC Bank,Ghatkopar West,"HDFC Bank Ghatkopar Mumbai, Acharya Tulsi, Chowk, Ghatkopar West Mumbai:400086, Maharashtra",72.905195,19.084616,Bank
HDFC Bank,Ghatkopar West,"HDFC Bank Ghatkopar West Mumbai BR., LBS, Marg, Ghatkopar West Mumbai:400086, Maharashtra",72.913003,19.093973,Bank
HDFC Bank,Goregaon West,"HDFC Bank Goregaon West Mumbai, Aarya Samaj Mandir, Marg, Goregaon West Mumbai:400062, Maharashtra",72.848728,19.157477,Bank
HDFC Bank,Goregaon East,"HDFC Bank Goregoan East, Jayprakash Nagar Road No 1, , Goregaon East Mumbai:400063, Maharashtra",72.850917,19.16545,Bank
HDFC Bank,Govandi East,"HDFC Bank Govandi Mumbai, Shankheshwar Parshwanath, Chowk, Govandi East Mumbai:400088, Maharashtra",72.915144,19.053238,Bank
HDFC Bank,Grant Road,"HDFC Bank Hughes Road Mumbai, Swami Prem Pujari, Chowk, Grant Road Mumbai:400007, Maharashtra",72.809799,18.959475,Bank
HDFC Bank,Bhandup West,"HDFC Bank Ithink Techno Campus Kanjurmarg, Water Tank, Road, Bhandup West Mumbai:400078, Maharashtra",72.925549,19.151614,Bank
HDFC Bank,Jogeshwari East,"HDFC Bank JVLR Mumbai, , , Jogeshwari East Mumbai:400060, Maharashtra",72.866817,19.139561,Bank
HDFC Bank,Jogeshwari East,"HDFC Bank Jogeshwari E, Caves, Road, Jogeshwari East Mumbai:400060, Maharashtra",72.852662,19.136424,Bank
HDFC Bank,Jogeshwari West,"HDFC Bank Jogeshwari West Mumbai, Hurbi Ismail Patel, Chowk, Jogeshwari West Mumbai:400102, Maharashtra",72.843171,19.142894,Bank
HDFC Bank,Juhu,"HDFC Bank Juhu Branch Mumbai, , , Juhu Mumbai:400058, Maharashtra",72.834132,19.115626,Bank
HDFC Bank,Vikhroli West,"HDFC Bank Kailash Corp Lounge, Kailash Complex, Road, Vikhroli West Mumbai:400079, Maharashtra",72.917953,19.11154,Bank
HDFC Bank,Bandra East,"HDFC Bank Kalanagar Bandra, M D Abasaheb Shinde, Marg, Bandra East Mumbai:400051, Maharashtra",72.851318,19.061054,Bank
HDFC Bank,Kandivali East,"HDFC Bank Kandivali Branch, 90 Feet, Road, Kandivali East Mumbai:400101, Maharashtra",72.866539,19.213885,Bank
HDFC Bank,Kandivali West,"HDFC Bank Kandivali W S. V. Road Mumbai, , , Kandivali West Mumbai:400064, Maharashtra",72.848239,19.198016,Bank
HDFC Bank,Kanjurmarg West,"HDFC Bank Kanjurmarg West, Lal Bahadur Shastri, Marg, Kanjurmarg West Mumbai:400078, Maharashtra",72.925653,19.128858,Bank
HDFC Bank,Khar West,"HDFC Bank Khar Branch, S V, Road, Khar West Mumbai:400052, Maharashtra",72.837363,19.070825,Bank
HDFC Bank,Khar West,"HDFC Bank Khar W Mumbai, Kahr TPS 3 Road No 15, , Khar West Mumbai:400052, Maharashtra",72.831884,19.072434,Bank
HDFC Bank,Kurla West,"HDFC Bank Kurla Mumbai, , , Kurla West Mumbai:400070, Maharashtra",72.888402,19.084716,Bank
HDFC Bank,Malabar Hill,"HDFC Bank Malabar Hill Mumbai, Shri Natidiva Diwaliben, Chowk, Malabar Hill Mumbai:400006, Maharashtra",72.802204,18.95257,Bank
HDFC Bank,Malad East,"HDFC Bank Malad East Mumbai Branch, Subhash, Road, Malad East Mumbai:400097, Maharashtra",72.852649,19.187919,Bank
HDFC Bank,Malad East,"HDFC Bank Malad, Subhash, Road, Malad East Mumbai:400097, Maharashtra",72.852649,19.187919,Bank
HDFC Bank,Matunga East,"HDFC Bank Matunga East, Shree Matunga Gujarati Sevamandal, Chowk, Matunga East Mumbai:400019, Maharashtra",72.853179,19.02771,Bank
HDFC Bank,Mazagaon,"HDFC Bank Mazgaon, Ismail Waghoo, Marg, Mazagaon Mumbai:400010, Maharashtra",72.841282,18.968,Bank
HDFC Bank,Masjid Bunder,"HDFC Bank Mohammadali Road Mumbai, Bibijan, Street, Masjid Bunder Mumbai:400003, Maharashtra",72.833687,18.952307,Bank
HDFC Bank,Mumbai Central,"HDFC Bank Mumbai Central Mumbai, Iqbal Dudhwala, Marg, Mumbai Central Mumbai:400008, Maharashtra",72.823218,18.97388,Bank
HDFC Bank,Lower Parel,"HDFC Bank N M Joshi Marg, K. L. Desai, Road, Lower Parel Mumbai:400011, Maharashtra",72.831455,18.98873,Bank
HDFC Bank,Church Gate,"HDFC Bank Nariman PT. Branch Mumbai, Kilachand, Chowk, Church Gate Mumbai:400020, Maharashtra",72.823689,18.933339,Bank
HDFC Bank,Parel,"HDFC Bank Parel Branch, Dr Ernest Borges, Marg, Parel Mumbai:400012, Maharashtra",72.839518,18.99893,Bank
HDFC Bank,Powai,"HDFC Bank Powai Branch, , , Powai Mumbai:400076, Maharashtra",72.910072,19.116306,Bank
HDFC Bank,Dadar West,"HDFC Bank Prabhadevi, Cadell, Road, Dadar West Mumbai:400028, Maharashtra",72.830446,19.017768,Bank
HDFC Bank,Church Gate,"HDFC Bank Ramon House, , , Church Gate Mumbai:400020, Maharashtra",72.826301,18.929672,Bank
HDFC Bank,Dadar West,"HDFC Bank Ranade Road Dadar W, Gokhale, Road, Dadar West Mumbai:400028, Maharashtra",72.838844,19.022989,Bank
HDFC Bank,Borivali West,"HDFC Bank Sai Baba Nagar Borivali W, Devnagar Derasar, Marg, Borivali West Mumbai:400092, Maharashtra",72.84807,19.216071,Bank
HDFC Bank,Santacruz West,"HDFC Bank Santacruz Mumbai, I G Malhotra, Chowk, Santacruz West Mumbai:400054, Maharashtra",72.834744,19.08167,Bank
HDFC Bank,Santacruz West,"HDFC Bank Santacruz West Branch, I G Malhotra, Chowk, Santacruz West Mumbai:400054, Maharashtra",72.834744,19.08167,Bank
HDFC Bank,Sion East,"HDFC Bank Sion E Branch Mumbai, Road No 8, , Sion East Mumbai:400022, Maharashtra",72.865291,19.041047,Bank
HDFC Bank,Vikhroli West,"HDFC Bank Surya Nagar, Kailash Complex, Road, Vikhroli West Mumbai:400079, Maharashtra",72.917953,19.11154,Bank
HDFC Bank,Mumbai Central,"HDFC Bank Tardeo Branch, Tardeo, Road, Mumbai Central Mumbai:400034, Maharashtra",72.814915,18.970408,Bank
HDFC Bank,Kandivali East,"HDFC Bank Thakur Village Kandivali East, Samta Nagar Main, Road, Kandivali East Mumbai:400101, Maharashtra",72.873671,19.20582,Bank
HDFC Bank,Kandivali East,"HDFC Bank Thakur Village Mumbai, Samta Nagar Main, Road, Kandivali East Mumbai:400101, Maharashtra",72.873669,19.20582,Bank
HDFC Bank,Andheri West,"HDFC Bank Varsova Mumbai, Juhu Versova Link, Road, Andheri West Mumbai:400053, Maharashtra",72.825725,19.121583,Bank
HDFC Bank,Vikhroli West,"HDFC Bank Vikhroli W, LBS, Marg, Vikhroli West Mumbai:400079, Maharashtra",72.925424,19.110276,Bank
HDFC Bank,Vile Parle East,"HDFC Bank Vile Parle Branch, Nehru, Road, Vile Parle East Mumbai:400057, Maharashtra",72.84508,19.098636,Bank
HDFC Bank,Borivali West,"HDFC Bank Yogi Nagar Borivli W, , , Borivali West Mumbai:400092, Maharashtra",72.842561,19.235412,Bank
HDFC Bank,Kalbadevi,"HDFC Bank Zaveri Bazar, Champagalli, Lane, Kalbadevi Mumbai:400002, Maharashtra",72.83053,18.95004,Bank
HDFC Bank,Andheri East,"HDFC Bank-Mahakali Caves Road Branch Andheri, Central, Road, Andheri East Mumbai:400093, Maharashtra",72.864337,19.117924,Bank
HDFC Bank,Matunga East,"HDFC Bank-Matunga East, Telang, Road, Matunga East Mumbai:400019, Maharashtra",72.852733,19.027433,Bank
HDFC Bank,Dadar West,"HDFC Bank, Bhavani Shankar, Road, Dadar West Mumbai:400028, Maharashtra",72.837983,19.016732,Bank
HDFC Bank,Andheri East,"Hdfc Bank Andheri Mumbai, Mathuradas Vasanji, Road, Andheri East Mumbai:400069, Maharashtra",72.851963,19.118624,Bank
HDFC Bank,Andheri West,"Hdfc Bank Andheri W Branch, S V, Road, Andheri West Mumbai:400058, Maharashtra",72.842761,19.114631,Bank
HDFC Bank,Bandra West,"Hdfc Bank Bandra West Mumbai, , , Bandra West Mumbai:400050, Maharashtra",72.824142,19.0528,Bank
HDFC Bank,Borivali East,"Hdfc Bank Borivali East Mumbai, , , Borivali East Mumbai:400066, Maharashtra",72.858666,19.22417,Bank
HDFC Bank,Byculla,"Hdfc Bank Byculla Mumbai, , , Byculla Mumbai:400010, Maharashtra",72.839544,18.975876,Bank
HDFC Bank,Powai,"Hdfc Bank Chandivali, Chandivali Farm, Road, Powai Mumbai:400076, Maharashtra",72.899236,19.114083,Bank
HDFC Bank,Dahisar West,"Hdfc Bank Dahisar West, Bapu Bagwe, Road, Dahisar West Mumbai:400068, Maharashtra",72.855824,19.256572,Bank
HDFC Bank,Borivali West,"Hdfc Bank I C Colony Borivali W Mumbai, Holy Cross, Road, Borivali West Mumbai:400103, Maharashtra",72.849969,19.2473,Bank
HDFC Bank,Ville Parle West,"Hdfc Bank JVPD Vile Parle West Branch, Lala Lajpatrai, Road, Ville Parle West Mumbai:400047, Maharashtra",72.840239,19.100521,Bank
HDFC Bank,Jogeshwari West,"Hdfc Bank Jogeshwari Mumbai, Link, Road, Jogeshwari West Mumbai:400102, Maharashtra",72.835861,19.150951,Bank
HDFC Bank,Borivali East,"Hdfc Bank Krishna Nagar Borivali E BR., , , Borivali East Mumbai:400066, Maharashtra",72.865091,19.23444,Bank
HDFC Bank,Borivali East,"Hdfc Bank Krishna Nagar Borivali E BR., , , Borivali East Mumbai:400066, Maharashtra",72.865091,19.23444,Bank
HDFC Bank,Andheri West,"Hdfc Bank Lokhandwala Branch Mumbai, , , Andheri West Mumbai:400053, Maharashtra",72.823379,19.146466,Bank
HDFC Bank,Malad West,"Hdfc Bank Malad Mumbai, , , Malad West Mumbai:400064, Maharashtra",72.841891,19.175869,Bank
HDFC Bank,Malad West,"Hdfc Bank Malad West Mumbai Branch, , , Malad West Mumbai:400064, Maharashtra",72.836276,19.184196,Bank
HDFC Bank,Colaba,"Hdfc Bank Regal Cinema Mumbai, Chhatrapati Shivaji Maharaj, Marg, Colaba Mumbai:400001, Maharashtra",72.832525,18.924834,Bank
HDFC Bank,Borivali West,"Hdfc Bank SVP Road Borivili West, S V Patel, Road, Borivali West Mumbai:400092, Maharashtra",72.85555,19.232859,Bank
HDFC Bank,Santacruz East,"Hdfc Bank Santacruz East Mumbai, , , Santacruz East Mumbai:400098, Maharashtra",72.862188,19.071583,Bank
HDFC Bank,Colaba,"Hdfc Bank Woodhouse Road Colaba, Wodehouse, Road, Colaba Mumbai:400005, Maharashtra",72.82406,18.915463,Bank
HDFC Bank,Goregaon East,"Hdfc Bank-Aarey, Gen Arun Kumar Vaidya, Marg, Goregaon East Mumbai:400063, Maharashtra",72.863029,19.17489,Bank
HDFC Bank,Mumbai Central,"Hdfc Bank-Agripada, Iqbal Dudhwala, Marg, Mumbai Central Mumbai:400008, Maharashtra",72.823546,18.973808,Bank
HDFC Bank,Andheri East,"Hdfc Bank-Andheri East, Andheri Kurla, Road, Andheri East Mumbai:400059, Maharashtra",72.883081,19.107301,Bank
HDFC Bank,Andheri East,"Hdfc Bank-Andheri Kurla Road, Krantiveer Lahuji Salve, Marg, Andheri East Mumbai:400093, Maharashtra",72.864596,19.117972,Bank
HDFC Bank,Juhu,"Hdfc Bank-Andheri West, Gulmohar, Road, Juhu Mumbai:400049, Maharashtra",72.833794,19.115856,Bank
HDFC Bank,Bandra West,"Hdfc Bank-Bandra Branch, , , Bandra West Mumbai:400050, Maharashtra",72.830005,19.061007,Bank
HDFC Bank,Bhandup West,"Hdfc Bank-Bhandup Branch, Lal Bahadur Shastri, Marg, Bhandup West Mumbai:400078, Maharashtra",72.93747,19.157265,Bank
HDFC Bank,Mahalakshmi,"Hdfc Bank-Bhulabhai Desai Road, Warden, Road, Mahalakshmi Mumbai:400026, Maharashtra",72.808216,18.97632,Bank
HDFC Bank,Mahim,"Hdfc Bank-Bombay Scottish School Mahim, LT. Prakash N Kotnees, Road, Mahim Mumbai:400016, Maharashtra",72.839248,19.033583,Bank
HDFC Bank,Borivali West,"Hdfc Bank-Borivali West, Kora Kendra, Road, Borivali West Mumbai:400092, Maharashtra",72.841104,19.219738,Bank
HDFC Bank,Borivali West,"Hdfc Bank-Borivali West, Sai Baba Nagar, Road, Borivali West Mumbai:400092, Maharashtra",72.84797,19.215989,Bank
HDFC Bank,Borivali West,"Hdfc Bank-Borivali West, Soni Vadi, Chowk, Borivali West Mumbai:400092, Maharashtra",72.85365,19.223124,Bank
HDFC Bank,Chembur East,"Hdfc Bank-C G Road Chembur, R C, Marg, Chembur East Mumbai:400074, Maharashtra",72.895963,19.033634,Bank
HDFC Bank,Kandivali West,"Hdfc Bank-Charkop, , , Kandivali West Mumbai:400067, Maharashtra",72.825989,19.214855,Bank
HDFC Bank,Girgaon,"Hdfc Bank-Charni Road, Maharshi Karve, Marg, Girgaon Mumbai:400004, Maharashtra",72.818895,18.951767,Bank
HDFC Bank,Chembur East,"Hdfc Bank-Chembur Branch, V N Purav, Marg, Chembur East Mumbai:400071, Maharashtra",72.893299,19.054184,Bank
HDFC Bank,Chembur East,"Hdfc Bank-Chembur, Dr C G Gidwandi, Road, Chembur East Mumbai:400074, Maharashtra",72.904401,19.04573,Bank
HDFC Bank,Lower Parel,"Hdfc Bank-Chinchpokli, K. L. Desai, Road, Lower Parel Mumbai:400011, Maharashtra",72.831461,18.988731,Bank
HDFC Bank,Church Gate,"Hdfc Bank-Churchgate, H T Parekh, Road, Church Gate Mumbai:400020, Maharashtra",72.82564,18.929522,Bank
HDFC Bank,Kalbadevi,"Hdfc Bank-Crawford Market Annexe, Pathak Wadi, Road, Kalbadevi Mumbai:400002, Maharashtra",72.830984,18.946038,Bank
HDFC Bank,Dadar East,"Hdfc Bank-Dadar T T, Khoadad, Circle, Dadar East Mumbai:400014, Maharashtra",72.848006,19.017516,Bank
HDFC Bank,Dadar West,"Hdfc Bank-Dadar W, , , Dadar West Mumbai:400028, Maharashtra",72.840162,19.016913,Bank
HDFC Bank,Dadar West,"Hdfc Bank-Dadar West-Tulsi Pipe Road, Senapati Bapat, Marg, Dadar West Mumbai:400028, Maharashtra",72.845359,19.024798,Bank
HDFC Bank,Dadar West,"Hdfc Bank-Dadar, Gokhale, Road, Dadar West Mumbai:400025, Maharashtra",72.832201,19.011509,Bank
HDFC Bank,Dadar East,"Hdfc Bank-Dadar, Swami Gyan Jeevandas, Marg, Dadar East Mumbai:400014, Maharashtra",72.844852,19.017201,Bank
HDFC Bank,Mulund West,"Hdfc Bank-Devidayal Road, Setu Madhavrao Pagdi, Chowk, Mulund West Mumbai:400080, Maharashtra",72.94941,19.175796,Bank
HDFC Bank,Dahisar East,"Hdfc Bank-Dhaisar East Branch, Anand Nagar, Marg, Dahisar East Mumbai:400068, Maharashtra",72.864439,19.254663,Bank
HDFC Bank,Fort,"Hdfc Bank-Fort, Murzaban, Road, Fort Mumbai:400001, Maharashtra",72.833516,18.938356,Bank
HDFC Bank,Fort,"Hdfc Bank-Fort, Nanik Motwani, Marg, Fort Mumbai:400001, Maharashtra",72.83158,18.929089,Bank
HDFC Bank,Khar West,"Hdfc Bank-Gabbana Branch, Kahr TPS 3 Road No 15, , Khar West Mumbai:400052, Maharashtra",72.83197,19.072651,Bank
HDFC Bank,Kandivali East,"Hdfc Bank-Ganpati Tower, , , Kandivali East Mumbai:400101, Maharashtra",72.869136,19.209879,Bank
HDFC Bank,Ghatkopar West,"Hdfc Bank-Ghatkopar L B S Road, Lal Bahadur Shastri, Marg, Ghatkopar West Mumbai:400086, Maharashtra",72.913042,19.093791,Bank
HDFC Bank,Ghatkopar West,"Hdfc Bank-Ghatkopar West, Mahatma Gandhi, Road, Ghatkopar West Mumbai:400086, Maharashtra",72.905195,19.084616,Bank
HDFC Bank,Dadar West,"Hdfc Bank-Gokhale Road, Namdar Gopal Krishna Gokhale, Marg, Dadar West Mumbai:400028, Maharashtra",72.83883,19.022973,Bank
HDFC Bank,Goregaon East,"Hdfc Bank-Goregaon East, Station, Road, Goregaon East Mumbai:400063, Maharashtra",72.850496,19.165316,Bank
HDFC Bank,Govandi East,"Hdfc Bank-Govandi Branch, Narayan Gajanan Acharya, Marg, Govandi East Mumbai:400088, Maharashtra",72.915563,19.053016,Bank
HDFC Bank,Andheri East,"Hdfc Bank-J B Nagar Branch, Andheri Kurla, Road, Andheri East Mumbai:400059, Maharashtra",72.868376,19.112014,Bank
HDFC Bank,Andheri West,"Hdfc Bank-J P Road Andheri West Branch, New Dadabhai, Road, Andheri West Mumbai:400058, Maharashtra",72.838552,19.126365,Bank
HDFC Bank,Jogeshwari East,"Hdfc Bank-JVLR Branch, , , Jogeshwari East Mumbai:400060, Maharashtra",72.866902,19.139004,Bank
HDFC Bank,Goregaon West,"Hdfc Bank-Jawahar Nagar, Swami Vivekanand, Road, Goregaon West Mumbai:400062, Maharashtra",72.845986,19.156007,Bank
HDFC Bank,Jogeshwari East,"Hdfc Bank-Jogeshwari East, Station, Road, Jogeshwari East Mumbai:400060, Maharashtra",72.852689,19.136436,Bank
HDFC Bank,Jogeshwari West,"Hdfc Bank-Jogeshwari West, S V, Road, Jogeshwari West Mumbai:400102, Maharashtra",72.8431,19.142748,Bank
HDFC Bank,Juhu,"Hdfc Bank-Juhu Tara Road, Juhu Tara, Road, Juhu Mumbai:400047, Maharashtra",72.82767,19.090829,Bank
HDFC Bank,Bandra East,"Hdfc Bank-Kalanagar, Sant Dnyaneshwar, Road, Bandra East Mumbai:400051, Maharashtra",72.851723,19.060458,Bank
HDFC Bank,Kalbadevi,"Hdfc Bank-Kalbadevi Road, Old Hanuman 1st Cross, Lane, Kalbadevi Mumbai:400002, Maharashtra",72.829922,18.949827,Bank
HDFC Bank,Kalbadevi,"Hdfc Bank-Kalbadevi Road, Old Hanuman 1st Cross, Lane, Kalbadevi Mumbai:400002, Maharashtra",72.829922,18.949827,Bank
HDFC Bank,Lower Parel,"Hdfc Bank-Kamala Mills, Senapati Bapat, Marg, Lower Parel Mumbai:400013, Maharashtra",72.829391,19.002015,Bank
HDFC Bank,Kandivali East,"Hdfc Bank-Kandivali East-Akurli Road, Akurli Main, Road, Kandivali East Mumbai:400101, Maharashtra",72.852547,19.202795,Bank
HDFC Bank,Kandivali East,"Hdfc Bank-Kandivali East, Saraf Choudhary Nagar, Road, Kandivali East Mumbai:400101, Maharashtra",72.864844,19.207264,Bank
HDFC Bank,Kandivali West,"Hdfc Bank-Kandivali West Branch, Swami Vivekanand, Road, Kandivali West Mumbai:400067, Maharashtra",72.848245,19.198945,Bank
HDFC Bank,Kandivali West,"Hdfc Bank-Kandivali West, , , Kandivali West Mumbai:400067, Maharashtra",72.839595,19.210273,Bank
HDFC Bank,Grant Road,"Hdfc Bank-Kele Wadi Mangal Wadi Girgaon, Maulana Shaukat Ali, Road, Grant Road Mumbai:400007, Maharashtra",72.818069,18.962016,Bank
HDFC Bank,Grant Road,"Hdfc Bank-Kele Wadi Mangal Wadi Girgaon, Sardar Vallabhbhai Patel, Road, Grant Road Mumbai:400007, Maharashtra",72.814037,18.956194,Bank
HDFC Bank,Kurla West,"Hdfc Bank-Kurla Kamani, Lal Bahadur Shastri, Marg, Kurla West Mumbai:400070, Maharashtra",72.888125,19.084815,Bank
HDFC Bank,Ghatkopar West,"Hdfc Bank-Kurla-Kamani, Hutatma Gurunath Varde, Marg, Ghatkopar West Mumbai:400086, Maharashtra",72.894037,19.082088,Bank
HDFC Bank,Malabar Hill,"Hdfc Bank-L D Ruparel Marg Walkeshwar Malabar Hill, L. D. Ruparel, Road, Malabar Hill Mumbai:400006, Maharashtra",72.802222,18.953879,Bank
HDFC Bank,Santacruz West,"Hdfc Bank-Linking Road Santacruz West, Linking, Road, Santacruz West Mumbai:400054, Maharashtra",72.834543,19.08157,Bank
HDFC Bank,Andheri West,"Hdfc Bank-Lokhandwala Complex Andheri W Branch, Shree Swami Samarth Nagar, Chowk, Andheri West Mumbai:400053, Maharashtra",72.82537,19.13958,Bank
HDFC Bank,Lower Parel,"Hdfc Bank-Lower Parel, Victoria House, Road, Lower Parel Mumbai:400013, Maharashtra",72.82901,19.003025,Bank
HDFC Bank,Lower Parel,"Hdfc Bank-Lower Parel, Victoria House, Road, Lower Parel Mumbai:400013, Maharashtra",72.827888,19.003862,Bank
HDFC Bank,Mahim,"Hdfc Bank-Mahim, Lady Jamshedji, Marg, Mahim Mumbai:400016, Maharashtra",72.841584,19.029804,Bank
HDFC Bank,Malad East,"Hdfc Bank-Malad East-Off Daftary Road, Malad East, Chowk, Malad East Mumbai:400097, Maharashtra",72.861139,19.187381,Bank
HDFC Bank,Malad East,"Hdfc Bank-Malad East, Laxmandas Raheja, Marg, Malad East Mumbai:400097, Maharashtra",72.855681,19.17832,Bank
HDFC Bank,Malad East,"Hdfc Bank-Malad East, Laxmandas Raheja, Marg, Malad East Mumbai:400097, Maharashtra",72.855681,19.17832,Bank
HDFC Bank,Church Gate,"Hdfc Bank-Marine Drive, Marine Drive, Road, Church Gate Mumbai:400020, Maharashtra",72.823733,18.933502,Bank
HDFC Bank,Mahim,"Hdfc Bank-Matunga West-Razmah Building, L J, Road, Mahim Mumbai:400016, Maharashtra",72.841042,19.026276,Bank
HDFC Bank,Mazagaon,"Hdfc Bank-Mazgaon, Dockyard, Road, Mazagaon Mumbai:400010, Maharashtra",72.840957,18.968587,Bank
HDFC Bank,Masjid Bunder,"Hdfc Bank-Mohammed Ali Road, Paltan, Road, Masjid Bunder Mumbai:400003, Maharashtra",72.83397,18.952578,Bank
HDFC Bank,Mulund West,"Hdfc Bank-Mulund Sagar Garden, Lal Bahadur Shastri, Marg, Mulund West Mumbai:400080, Maharashtra",72.939419,19.168483,Bank
HDFC Bank,Mulund West,"Hdfc Bank-Mulund W Branch, B P Singh No 4 Cross, Road, Mulund West Mumbai:400080, Maharashtra",72.94909,19.176345,Bank
HDFC Bank,Mulund West,"Hdfc Bank-Mulund West Branch, Netaji Subhash Chandra Bose, Road, Mulund West Mumbai:400080, Maharashtra",72.955052,19.174817,Bank
HDFC Bank,Mulund West,"Hdfc Bank-Mulund West-L B Smarg, Sant Shree Valdasji Maharaj, Chowk, Mulund West Mumbai:400080, Maharashtra",72.949174,19.183244,Bank
HDFC Bank,Mulund West,"Hdfc Bank-Mulund West, , , Mulund West Mumbai:400080, Maharashtra",72.950071,19.166027,Bank
HDFC Bank,Mulund West,"Hdfc Bank-Mulund West, Nahur, Road, Mulund West Mumbai:400080, Maharashtra",72.94882,19.165616,Bank
HDFC Bank,Mulund West,"Hdfc Bank-Mulund West, Purushottam Kheraj, Road, Mulund West Mumbai:400080, Maharashtra",72.9516,19.175982,Bank
HDFC Bank,Nariman Point,"Hdfc Bank-Nariman Point Entry 2, Barrister Rajni Patel, Road, Nariman Point Mumbai:400021, Maharashtra",72.821617,18.928177,Bank
HDFC Bank,Grant Road,"Hdfc Bank-Null Bazar, Islampura Cross, Road, Grant Road Mumbai:400007, Maharashtra",72.828304,18.956791,Bank
HDFC Bank,Malad West,"Hdfc Bank-Orlem Branch, Chunilal Giridharlal, Marg, Malad West Mumbai:400064, Maharashtra",72.840066,19.19326,Bank
HDFC Bank,Bandra West,"Hdfc Bank-Pali Road Branch, Turner, Road, Bandra West Mumbai:400050, Maharashtra",72.829577,19.058694,Bank
HDFC Bank,Bandra West,"Hdfc Bank-Palli Hill Branch, , , Bandra West Mumbai:400050, Maharashtra",72.828001,19.06573,Bank
HDFC Bank,Parel,"Hdfc Bank-Parel, DR. Shirodkar, Marg, Parel Mumbai:400012, Maharashtra",72.839547,18.998598,Bank
HDFC Bank,Powai,"Hdfc Bank-Powai Hiranandani Garden, Central, Avenue, Powai Mumbai:400076, Maharashtra",72.909862,19.116501,Bank
HDFC Bank,Dadar West,"Hdfc Bank-Prabhadevi, Swatantrya Veer Savarkar, Marg, Dadar West Mumbai:400028, Maharashtra",72.830324,19.017611,Bank
HDFC Bank,Grant Road,"Hdfc Bank-R R Roy Marg Girgaon, Hughes, Road, Grant Road Mumbai:400007, Maharashtra",72.809816,18.959444,Bank
HDFC Bank,Andheri West,"Hdfc Bank-Rna Complex Andheri Lokhandwala, Purshottam Tondan, Road, Andheri West Mumbai:400053, Maharashtra",72.823376,19.145304,Bank
HDFC Bank,Khar West,"Hdfc Bank-S V Road Khar West, S V, Road, Khar West Mumbai:400052, Maharashtra",72.837366,19.070876,Bank
HDFC Bank,Vile Parle East,"Hdfc Bank-Sahar Road Branch, Sahar, Road, Vile Parle East Mumbai:400057, Maharashtra",72.852905,19.109356,Bank
HDFC Bank,Worli,"Hdfc Bank-Sandoz House, Dr Annie Besant, Road, Worli Mumbai:400018, Maharashtra",72.81362,18.988828,Bank
HDFC Bank,Santacruz East,"Hdfc Bank-Santacruz East Branch, Golibar, Road, Santacruz East Mumbai:400055, Maharashtra",72.842974,19.080436,Bank
HDFC Bank,Santacruz West,"Hdfc Bank-Santacruz West, S V, Road, Santacruz West Mumbai:400054, Maharashtra",72.838052,19.086191,Bank
HDFC Bank,Andheri East,"Hdfc Bank-Sher E Punjab Branch Andheri East, Guru Gobind Singh, Marg, Andheri East Mumbai:400093, Maharashtra",72.865489,19.129558,Bank
HDFC Bank,Sion East,"Hdfc Bank-Sion Branch, Road No 8, , Sion East Mumbai:400022, Maharashtra",72.864385,19.041915,Bank
HDFC Bank,Mumbai Central,"Hdfc Bank-Tardeo, Pandit Madan Mohan Malviya, Marg, Mumbai Central Mumbai:400034, Maharashtra",72.815041,18.970762,Bank
HDFC Bank,Kandivali East,"Hdfc Bank-Thakur Complex Kandivali East, 90 Feet, Road, Kandivali East Mumbai:400101, Maharashtra",72.866608,19.213904,Bank
HDFC Bank,Kandivali East,"Hdfc Bank-Thakur Village Kandivali E, , , Kandivali East Mumbai:400101, Maharashtra",72.872936,19.205985,Bank
HDFC Bank,Chembur East,"Hdfc Bank-Tilak Nagar, Raj Marg, Highway, Chembur East Mumbai:400089, Maharashtra",72.898861,19.06804,Bank
HDFC Bank,Chembur East,"Hdfc Bank-Trombay Road, CST, Road, Chembur East Mumbai:400071, Maharashtra",72.888458,19.055121,Bank
HDFC Bank,Nariman Point,"Hdfc Bank-Tulsiani Chambers, Free Press Journal, Marg, Nariman Point Mumbai:400021, Maharashtra",72.824484,18.924106,Bank
HDFC Bank,Andheri West,"Hdfc Bank-Versova Branch, , , Andheri West Mumbai:400061, Maharashtra",72.814795,19.129184,Bank
HDFC Bank,Andheri West,"Hdfc Bank-Versova Branch, New Versova Link, Road, Andheri West Mumbai:400053, Maharashtra",72.825775,19.121525,Bank
HDFC Bank,Andheri East,"Hdfc Bank-Vijay Nagar Marol, Marol Maroshi, Road, Andheri East Mumbai:400059, Maharashtra",72.879828,19.122707,Bank
HDFC Bank,Vikhroli West,"Hdfc Bank-Vikhroli West-LBS Marg, LBS, Marg, Vikhroli West Mumbai:400079, Maharashtra",72.922677,19.105956,Bank
HDFC Bank,Juhu,"Hdfc Bank-Vile Parle West Branch, V M, Road, Juhu Mumbai:400047, Maharashtra",72.835392,19.102802,Bank
HDFC Bank,Worli,"Hdfc Bank-Worli, Dr R G Thadani, Marg, Worli Mumbai:400018, Maharashtra",72.813665,19.002948,Bank
HDFC Bank,Worli,"Hdfc Bank-Worliaditya Birla Centre Ec, Sudam Kalu Ahire, Marg, Worli Mumbai:400018, Maharashtra",72.819156,19.00615,Bank
HDFC Bank,Borivali West,"Hdfc Bank-Yogi Nagar Branch, Eksar, Road, Borivali West Mumbai:400092, Maharashtra",72.846044,19.234966,Bank
HDFC Bank,Masjid Bunder,"Hdfc Bank-Zaveri Bazaar Branch, Sutar Chawl, Street, Masjid Bunder Mumbai:400003, Maharashtra",72.832343,18.949653,Bank
HDFC Bank,Kandivali East,"Hdfc Bank, , , Kandivali East Mumbai:400101, Maharashtra",72.854541,19.201838,Bank
HDFC Bank,Malad East,"Hdfc Bank, , , Malad East Mumbai:400097, Maharashtra",72.858814,19.181702,Bank
HDFC Bank,Malad West,"Hdfc Bank, , , Malad West Mumbai:400095, Maharashtra",72.818056,19.184739,Bank
HDFC Bank,Andheri East,"Hdfc Bank, , , Andheri East Mumbai:400069, Maharashtra",72.851866,19.118874,Bank
HDFC Bank,Mumbai Central,"Hdfc Bank, , , Mumbai Central Mumbai:400034, Maharashtra",72.818148,18.974318,Bank
HDFC Bank,Kandivali East,"Hdfc Bank, , , Kandivali East Mumbai:400101, Maharashtra",72.871448,19.197097,Bank
HDFC Bank,Kandivali East,"Hdfc Bank, , , Kandivali East Mumbai:400101, Maharashtra",72.871448,19.197097,Bank
HDFC Bank,Kandivali East,"Hdfc Bank, , , Kandivali East Mumbai:400101, Maharashtra",72.871448,19.197097,Bank
HDFC Bank,Antop Hill,"Hdfc Bank, Antop Hill, Marg, Antop Hill Mumbai:400037, Maharashtra",72.866003,19.023344,Bank
HDFC Bank,Nariman Point,"Hdfc Bank, Barrister Rajni Patel, Road, Nariman Point Mumbai:400021, Maharashtra",72.823301,18.925774,Bank
HDFC Bank,Kandivali East,"Hdfc Bank, Chakravarti Ashok Nagar Main, Road, Kandivali East Mumbai:400101, Maharashtra",72.85641,19.201633,Bank
HDFC Bank,Kandivali East,"Hdfc Bank, Chakravarti Ashok Nagar Main, Road, Kandivali East Mumbai:400101, Maharashtra",72.85641,19.201633,Bank
HDFC Bank,CST,"Hdfc Bank, Dr D N, Road, CST Mumbai:400001, Maharashtra",72.834914,18.940053,Bank
HDFC Bank,Grant Road,"Hdfc Bank, Khetwadi Eighth, Lane, Grant Road Mumbai:400007, Maharashtra",72.823153,18.959318,Bank
HDFC Bank,Mahim,"Hdfc Bank, L J, Road, Mahim Mumbai:400016, Maharashtra",72.841565,19.029689,Bank
HDFC Bank,Vikhroli West,"Hdfc Bank, LBS, Marg, Vikhroli West Mumbai:400079, Maharashtra",72.925463,19.110348,Bank
HDFC Bank,Chembur East,"Hdfc Bank, M D S, Marg, Chembur East Mumbai:400071, Maharashtra",72.900627,19.058397,Bank
HDFC Bank,Andheri East,"Hdfc Bank, Marol Maroshi, Road, Andheri East Mumbai:400059, Maharashtra",72.879828,19.122707,Bank
HDFC Bank,Mulund West,"Hdfc Bank, Purushottam Kheraj, Road, Mulund West Mumbai:400080, Maharashtra",72.948991,19.17581,Bank
HDFC Bank,Mumbai Central,"Hdfc Bank, Tulsi, Wadi, Mumbai Central Mumbai:400034, Maharashtra",72.81817,18.974347,Bank
HDFC Bank,Mulund East,"Hdfc Bank, Veer Savarkar, Road, Mulund East Mumbai:400081, Maharashtra",72.963183,19.165385,Bank
HDFC Bank,Mulund West,"Hdfc Bank, Vishwakarma, Marg, Mulund West Mumbai:400080, Maharashtra",72.95016,19.16666,Bank
